name,address,city,state,zipcode
INFINITI OF SOUTH ATLANTA,4201 JONESBORO RD,UNION CITY,GA,30291
JBA INFINITI OF ELLICOTT CITY,8431 BALTIMORE NATL PIKE,ELLICOTT CITY,MD,21043
INFINITI OF MOBILE,1147 E I65 SERVICE RD S,MOBILE,AL,36606
HARTE INFINITI,150 WESTON ST,HARTFORD,CT,06120
INFINITI OF MANHASSET,1225 NORTHERN BLVD,MANHASSET,NY,11030
ATLANTIC INFINITI,10980 ATLANTIC BLVD,JACKSONVILLE,FL,32225
BEAVERTON INFINITI,9500 SW CANYON RD,PORTLAND,OR,97225
JIM LUPIENT INFINITI,7200 WAYZATA BLVD,GOLDEN VALLEY,MN,55426
BERMANS INFMERRILLVILLE,1794 W 81ST AVENUE,MERRILLVILLE,IN,46410
HOLMAN INFINITI,577 ROUTE 38 W,MAPLE SHADE,NJ,08052
INFINITI OF MELBOURNE,901 s a,MELBOURNE,FL,32901
CERRITOS INFINITI,10901 183RD ST,CERRITOS,CA,90703
INFINITI ROSEVILLE,800 AUTOMALL DR,ROSEVILLE,CA,95661
FETTE INFINITI,1137 ROUTE 46 EAST,CLIFTON,NJ,07013
INFINITI OF NAPERVILLE,1550 WEST OGDEN AVENUE,NAPERVILLE,IL,60540
LUTHER INFINITI OF BLOOMINGTON,1500 WEST 81ST STREET,BLOOMINGTON,MN,55431
INFINITI OF NASHUA,11 MARMON DR,NASHUA,NH,03060
INFINITI OF COCONUT CREEK,5501 W SAMPLE RD,COCONUT CREEK,FL,33073
INFINITI OF DENVER,2990 SOUTH HAVANA STREET,AURORA,CO,80014
INFINITI OF SAN ANTONIO,12150 IH 10 W,SAN ANTONIO,TX,78230
INFINITI OF MODESTO,4130 MCHENRY AVE,MODESTO,CA,95356
INFINITI OF CINCINNATI,9857 KINGS AUTO MALL RD,CINCINNATI,OH,45249
SOUTH MOTORS INFINITI,16915 S DIXIE HWY,PALMETTO BAY,FL,33157
INFINITI OF LEXINGTON,801 E NEW CIRCLE RD,LEXINGTON,KY,40505
INFINITI OF MEMPHIS,3060 NORTH GERMANTOWN RD,BARTLETT,TN,38133
COULTER INFINITI,6225 EAST TEST DRIVE,MESA,AZ,85206
INFINITI OF ENGLEWOOD,60 ROCKWOOD PL,ENGLEWOOD,NJ,07631
INFINITI ON CAMELBACK,1250 E CAMELBACK RD,PHOENIX,AZ,85014
INFINITI STUART,3970 SE FEDERAL HIGHWAY,STUART,FL,34997
PEARSON INFINITI,11701 MIDLOTHIAN PIKE,MIDLOTHIAN,VA,23113
GREENWICH INFINITI,315 MILBANK AVENUE,GREENWICH,CT,06830
BERGLUND INFINITI OF ROANOKE,5050 FRANKIN ROAD,ROANOKE,VA,24014
MODERN INFINITI,3605 W WENDOVER AVE,GREENSBORO,NC,27407
MOTOR WERKS INFINITI,1475 S BARRINGTON RD,BARRINGTON,IL,60010
RAY BRANDT INFMETAIRIE,3700 N CAUSEWAY BLVD,METAIRIE,LA,70002
WEST HOUSTON INFINITI,12200 KATY FREEWAY,HOUSTON,TX,77079
NAPLES INFINITI,5880 NAPLES BLVD,NAPLES,FL,34109
DORSCHEL INFINITI,3855 W HENRIETTA RD,ROCHESTER,NY,14623
INFINITI OF KANSAS CITY,6960 W FRONTAGE ROAD,MERRIAM,KS,66203
BERT OGDEN INFINITI,4901 SOUTH EXPRESSWAY 281,EDINBURG,TX,78539
AIRPORT INFINITI,13940 BROOKPARK ROAD,CLEVELAND,OH,44135
INFINITI OF MISSION VIEJO,28471 MARGUERITE PKWY,MISSION VIEJO,CA,92692
WARREN HENRY INFINITI,2300 NE 151ST STREET,NORTH MIAMI,FL,33181
INFINITI OF NORWOOD,866880 BOSTON PROVIDENCE,NORWOOD,MA,02062
FORT MYERS INFINITI,14990 SOUTH TAMIAMI TRAIL,FORT MYERS,FL,33912
INFINITI OF BELLEVUE,11815 NORTHEAST 8TH ST,BELLEVUE,WA,98005
RAY CATENA INFINITI,900 ROUTE 1,EDISON,NJ,08817
INFINITI OF SUITLAND,4731 AUTH PLACE,SUITLAND,MD,20746
INFINITI OF TAMPA,4600 N DALE MABRY HWY,TAMPA,FL,33614
INFINITI OF TACOMA AT FIFE,4902 PACIFIC HWY E,FIFE,WA,98424
SHEEHY INFINITI OF TYSONS,8527 LEESBURG PIKE,VIENNA,VA,22182
NATIONWIDE INFINITI OF TIMONIUM,22 W TIMONIUM RD,TIMONIUM,MD,21093
BENNETT INFINITI OF WILKESBARRE,1060 HIGHWAY 315,WILKES BARRE,PA,18702
SANFORD INFINITI,995 RINEHART ROAD,SANFORD,FL,32771
INFINITI OF AUGUSTA,3315 WASHINGTON ROAD,AUGUSTA,GA,30907
NALLEY INFINITI OF ATLANTA,2550 THE NALLEY WAY,ATLANTA,GA,30360
LIA INFINITI,965 NEW LOUDON RD,COHOES,NY,12047
INFINITI OF CHATTANOOGA,7646 LEE HIGHWAY,CHATTANOOGA,TN,37421
HERB CHAMBERS INFINITI OF BOSTON,60 MYSTIC AVE,MEDFORD,MA,02155
JIM COLEMAN INFINITI,10400C AUTO PARK AVENUE,BETHESDA,MD,20817
NALLEY INFINITIMARIETTA,2020 COBB PARKWAY SOUTH,MARIETTA,GA,30060
JACKIE COOPER INFINITI,8825 S MEMORIAL DR,TULSA,OK,74133
SHEEHY INFINITI OF ANNAPOLIS,123 FERGUSON RD,ANNAPOLIS,MD,21409
HARPER INFINITI,9737 KINGSTON PIKE,KNOXVILLE,TN,37922
GREGORY INFINITI,1121 S MILWAUKEE AVE,LIBERTYVILLE,IL,60048
KEARNY MESA INFINITI,4670 CONVOY ST,SAN DIEGO,CA,92111
INFINITI OF HILTON HEAD,210 FORDING ISLAND RD,BLUFFTON,SC,29910
GRUBBS INFINITI,1500 E STATE HWY 114,GRAPEVINE,TX,76051
INFINITI OF HOFFMAN ESTATES,1075 W GOLF RD,HOFFMAN ESTATES,IL,60169
INFINITI OF SOUTH BAY,2900 PACIFIC COAST HWY,TORRANCE,CA,90505
ZIMBRICK INFINITI OF MADISON,1601 W BELTLINE HWY,MADISON,WI,53713
GLENDALE INFINITI,812 BRAND BLVD,GLENDALE,CA,91204
KINGS INFINITI,20 NEPTUNE AVE,BROOKLYN,NY,11235
ANN ARBOR INFINITI,515 AUTO MALL DR,ANN ARBOR,MI,48103
INFINITI OF GRAND RAPIDS,2930 BRETON RD SE,GRAND RAPIDS,MI,49512
INFINITI OF BEACHWOOD,25900 CENTRAL PKWY,BEACHWOOD,OH,44122
MIKE WARD INFINITI,1800 LUCENT COURT,HIGHLANDS RANCH,CO,80129
INFINITI OF VAN NUYS,5455 VAN NUYS BLVD,SHERMAN OAKS,CA,91401
INFINITI OF LAS VEGAS,5555 WEST SAHARA AVENUE,LAS VEGAS,NV,89146
DUBLIN INFINITI,4300 JOHN MONEGO COURT,DUBLIN,CA,94568
AUSTIN INFINITI,8140 BURNET RD,AUSTIN,TX,78757
INFINITI OF SARASOTA,4950 CLARK ROAD,SARASOTA,FL,34233
CROSSROADS INFINITI OF RALEIGH,3910 CAPITAL HILLS DR,RALEIGH,NC,27616
INFINITI OF LYNBROOK,843 SUNRISE HIGHWAY,LYNBROOK,NY,11563
INFINITI OF ARDMORE,306 W LANCASTER AVE,ARDMORE,PA,19003
BERMANS INFINITI CHICAGO,3456 N KEDZIE AVE,CHICAGO,IL,60618
FLEMINGTON INFINITI,204 HIGHWAY 20231 NORTH,FLEMINGTON,NJ,08822
HERB CHAMBERS INFINITI OF WESTBOROUGH,312 TURNPIKE RD,WESTBOROUGH,MA,01581
INFINITI OF GWINNETT,3090 SATELLITE BLVD,DULUTH,GA,30096
INFINITI OF CENTRAL ARKANSAS,21000 INTERSTATE 30 NORTH,BENTON,AR,72019
AUTONATION INFINITI TUSTIN,33 AUTO CENTER DR,TUSTIN,CA,92782
INFINITI OF VALENCIA,24055 MAGIC MOUNTAIN PKWY,VALENCIA,CA,91355
PENINSULA INFINITI,386 CONVENTION WAY,REDWOOD CITY,CA,94063
INFINITI OF WILLIAMSVILLE,8137 MAIN ST,WILLIAMSVILLE,NY,14221
LOUISVILLE INFINITI,8 AUTOCENTER DR,LOUISVILLE,KY,40299
BENNETT INFINITI OF ALLENTOWN,2121 LEHIGH STREET,ALLENTOWN,PA,18103
SALERNO*DUANE INFINITI OF DENVILLE,3103 ROUTE 10,DENVILLE,NJ,07834
SUBURBAN INFINITI,24355 HAGGERTY RD,NOVI,MI,48375
INFINITI OF LUBBOCK,6225 SPUR 327,LUBBOCK,TX,79424
PASSPORT INFINITI OF ALEXANDRIA,160 S PICKETT ST,ALEXANDRIA,VA,22304
INFINITI OF AKRON,3332 S ARLINGTON ROAD,AKRON,OH,44312
HERRINGEAR INFINITI,1685 HIGH ST,JACKSON,MS,39202
INFINITI OF CORAL GABLES,2701  S LE JEUNE RD,CORAL GABLES,FL,33134
ORANGE COAST INFINITI,15550 BEACH BLVD,WESTMINSTER,CA,92683
INFINITI OF WEST CHESTER,1265 WILMINGTON PIKE,WEST CHESTER,PA,19382
DREYER  REINBOLD OF GREENWOOD,1305S 31 SOUTH,GREENWOOD,IN,46143
INFINITI OF THOUSAND OAKS,3570 E THOUSAND OAKS BLVD,WESTLAKE VILLAGE,CA,91362
INFINITI OF ORLAND PARK,8751 W 159TH STREET,ORLAND PARK,IL,60462
RED NOLAND INFINITI,425 MOTOR WORLD PARKWAY,COLORADO SPRINGS,CO,80905
DAYTONA INFINITI,980 N TOMOKA FARMS RD,DAYTONA BEACH,FL,32124
TIM DAHLE INFINITI,4594 S STATE ST,MURRAY,UT,84107
INFINITI PALM SPRINGS,67615 E PALM CANYON DR,CATHEDRAL CITY,CA,92234
CROSSROADS INFINITI OF APEX,1900 LAURA DUNCAN ROAD,APEX,NC,27523
INFINITI OF LYNNWOOD,17305 HIGHWAY 99,LYNNWOOD,WA,98037
BREWBAKER INFINITI,222 EASTERN BLVD,MONTGOMERY,AL,36117
GEORGE HARTE INFINITI,1076 SOUTH COLONY RD,WALLINGFORD,CT,06492
INFINITI OF PALM BEACHES,3101 OKEECHOBEE BLVD,WEST PALM BEACH,FL,33409
INFINITI OF OMAHA,18201 BURT STREET,ELKHORN,NE,68022
INFINITI OF SCOTTSDALE,7601 E FRANK LLOYD WRIGHT,SCOTTSDALE,AZ,85260
BERMAN INFINITI OF NILES,5757 W TOUHY AVE,NILES,IL,60714
INFINITI OF HONOLULU,2845 KILIHAU ST,HONOLULU,HI,96819
INFINITI OF SYRACUSE,736 W GENESEE ST,SYRACUSE,NY,13204
INFINITI OF BOERNE,32275 INTERSTATE HWY 10,BOERNE,TX,78006
RICKENBAUGH INFINITI,5900 GATEWAY COURT,DACONO,CO,80514
FAULKNER INFINITI OF MECHANICSBURG,6720 CARLISLE PIKE,MECHANICSBURG,PA,17050
SUBURBAN INFINITI OF TROY,1816 MAPLELAWN DR,TROY,MI,48084
KELLY INFINITI,155 ANDOVER ST,DANVERS,MA,01923
INFINITISO MISSISSIPPI,11779 BOBBY ELEUTERIUS,DIBERVILLE,MS,39540
PERRY INFINITI,855 LA TERRAZA BLVD,ESCONDIDO,CA,92025
RAMSEY INFINITI,535 ROUTE 17 S,RAMSEY,NJ,07446
RAY CATENA INFINITI OF BRIDGEWATER,1350 ROUTE 22 EAST,BRIDGEWATER,NJ,08807
BRADSHAW INFINITI,2600 LAURENS ROAD,GREENVILLE,SC,29607
PRIORITY INFINITI OF GREENBRIER,1812 GREENBRIER PARKWAY,CHESAPEAKE,VA,23320
INFINITI OF WARWICK,1085 CENTERVILLE RD,WARWICK,RI,02886
INFINITI EL PASO,1140 AIRWAY BLVD,EL PASO,TX,79925
FAULKNER INFINITI OF WILLOW GROVE,1510 EASTON RD,WILLOW GROVE,PA,19090
DREYER  REINBOLD INFINITI,9370 WHITLEY DR,INDIANAPOLIS,IN,46240
SOUTHWEST INFINITI,10495 SOUTHWEST FREEWAY,HOUSTON,TX,77074
CREST INFINITI,6100 STATE HIGHWAY 121,FRISCO,TX,75034
SEWELL INFINITI OF NORTH HOUSTON,17825 NORTH FWY,HOUSTON,TX,77090
BRONCO MOTORS INFINITI,15675 IDAHO CENTER BLVD,NAMPA,ID,83687
SEWELL INFINITI,7110 LEMMON AVE,DALLAS,TX,75209
CLEAR LAKE INFINITI,14705 GULF FREEWAY,HOUSTON,TX,77034
BAKER INFINITI CHARLESTON,1501 SAVANNAH HWY,CHARLESTON,SC,29407
BERGSTROM INFINITI,2950 N VICTORY LANE,APPLETON,WI,54913
SEWELL INFINITI OF FORT WORTH,5135 BRYANT IRVIN RD,FORT WORTH,TX,76132
INFINITI OF TALLAHASSEE,3355 CAPITAL CIRCLE NE,TALLAHASSEE,FL,32308
BILL DODGE INFINITI,1 SAUNDERS WAY,WESTBROOK,ME,04092
INFINITI OF HANOVER,2060 WASHINGTON STREET,HANOVER,MA,02339
PEPE INFINITI,300 CENTRAL AVENUE,WHITE PLAINS,NY,10606
ROSWELL INFINITI OF NORTH ATLANTA,11405 ALPHARETTA HWY,ROSWELL,GA,30076
INFINITI OF BAKERSFIELD,5200 GASOLINE ALLEY,BAKERSFIELD,CA,93313
SMITH INFINITIHUNTSVILLE,1010 OLD MONROVIA RD NW,HUNTSVILLE,AL,35806
ORLANDO INFINITI,4237 MILLENIA BLVD,ORLANDO,FL,32839
INFINITI OF PEORIA,9167 W BELL RD,PEORIA,AZ,85382
INFINITI OF BAYSIDE,21707 NORTHERN BLVD,BAYSIDE,NY,11361
DEVAN INFINITI OF FAIRFIELD,26 COMMERCE DRIVE,FAIRFIELD,CT,06825
GERMAIN INFINITI OF EASTON,3833 MORSE ROAD,COLUMBUS,OH,43219
LAKE NORMAN INFINITI,20435 CHARTWELL CENTER DR,CORNELIUS,NC,28031
DICK SMITH INFINITI,3670 FERNANDINA RD,COLUMBIA,SC,29210
INFINITI OF LAFAYETTE,6201 JOHNSTON STREET,LAFAYETTE,LA,70503
INFINITI OF CHARLOTTE,9103 E INDEPENDENCE BLVD,MATTHEWS,NC,28105
ED HICKS INFINITI,3026 S PADRE ISLAND DR,CORPUS CHRISTI,TX,78415
INFINITI OF DAYTON,299 LOOP RD,CENTERVILLE,OH,45459
METRO INFINITI,821 E CENTRAL AVE,MONROVIA,CA,91016
COCHRAN INFINITI,11740 PERRY HIGHWAY,WEXFORD,PA,15090
BOB MOORE INFINITI,13000 N KELLEY AVE,OKLAHOMA CITY,OK,73131
BOMMARITO INFINITI,15700 MANCHESTER RD,ELLISVILLE,MO,63011
INFINITI OF BIRMINGHAM,1804 MONTGOMERY HIGHWAY,HOOVER,AL,35244
FRESNO INFINITI,711 W PALMDON DRIVE,FRESNO,CA,93704
INFINITI OF FORT WAYNE,4805 LIMA RD,FORT WAYNE,IN,46808
INFINITI OF NORTHERN KENTUCKY,1945 DIXIE HWY,FORT WRIGHT,KY,41011
INFINITI OF OXNARD,1701 AUTO CENTER DR,OXNARD,CA,93036
SAWGRASS INFINITI,5801 MADISON AVE,TAMARAC,FL,33321
INFINITI OF SPRINGFIELD,3625 SOUTH CAMPBELL ST,SPRINGFIELD,MO,65807
INFINITI OF SILVER SPRING,3221 AUTOMOBILE BLVD,SILVER SPRING,MD,20904
LAUDERDALE INFINITI,900 E SUNRISE BLVD,FORT LAUDERDALE,FL,33304
INFINITI OF BATON ROUGE,13540 AIRLINE HWY,BATON ROUGE,LA,70817
INFINITI MILWAUKEE,2228 E MORELAND BLVD,WAUKESHA,WI,53186
INFINITI OF ELK GROVE,8586 LAGUNA GROVE DR,ELK GROVE,CA,95757
INFINITI OF ORANGE PARK,6999 BLANDING BLVD,JACKSONVILLE,FL,32244
GARCIA INFINITI,1234 RENAISSANCE NE,ALBUQUERQUE,NM,87107
CIRCLE INFINITI,300 STATE HIGHWAY 36,WEST LONG BRANCH,NJ,07764
INFINITI OF MASSAPEQUA,4450 SUNRISE HWY,MASSAPEQUA,NY,11758
INFINITI OF COLUMBUS,3890 TULLER RD,DUBLIN,OH,43017
INFINITI OF COOL SPRINGS,211 COMTIDE CT,FRANKLIN,TN,37067
MODERN INFINITI OF WINSTONSALEM,1500 PETERS CREEK PKWY,WINSTON SALEM,NC,27103
INFINITI OF CLARENDON HILLS,415 E OGDEN AVE,CLARENDON HILLS,IL,60514
INFINITI OF MACON,4763 RIVERSIDE DR,MACON,GA,31210
PORTER INFINITI,303 E CLEVELAND AVE,NEWARK,DE,19711
COMPETITION INFINITI,587 MIDDLE COUNTRY RD,SAINT JAMES,NY,11780
LOKEY INFINITI,19740 US HIGHWAY 19 N,CLEARWATER,FL,33764
INFINITI OF RENO,11570 S VIRGINIA STREET,RENO,NV,89511
INFINITI OF ONTARIO,2192 INLAND EMPIRE BLVD,ONTARIO,CA,91764
ORR INFINITI,8727 BUSINESS PARK DR,SHREVEPORT,LA,71105
STEVEN INFINITI,11213 E KELLOGG DR,WICHITA,KS,67207
INFINITI OF SAN JOSE,2198 TULLY RD,SAN JOSE,CA,95122
INFINITI OF TUCSON,625 W AUTO MALL DR,TUCSON,AZ,85705
SHEEHY INFINITI OF CHANTILLY,4145 AUTO PARK CIRCLE,CHANTILLY,VA,20151
DOUGLAS INFINITI,430 MORRIS AVE,SUMMIT,NJ,07901
WILLIS INFINITI,2021 NORTHWEST 100TH ST,DES MOINES,IA,50325
INFINITI OF MARIN,475 E FRANCISCO BLVD,SAN RAFAEL,CA,94901
INFINITI OF OCEANSIDE,3535 COLLEGE BLVD STE 101,OCEANSIDE,CA,92056
PLAZA INFINITI,11830 OLIVE BLVD,CREVE COEUR,MO,63141
